run,arm,pq_row,frontier,added_tokens,prefill_ms,checkpoint_prepare_ms,prefill_complete_ms,collect_ms,snapshot_ms,snapshot_bytes,generation_ms,generation_first_ms,generation_steady_ms,restore_ms,position_after_restore,restore_exact_checked
public-full-0-C,C,0,2048,2048,5779.827384977,2.0023e-05,5779.827405,3.0006e-05,56.964531017,52184460,8367.188902019,64.80278002,8296.99891209,46.722410014,2048,0
public-full-0-C,C,1,4096,2048,4956.111829,3.0006e-05,4956.111859006,1.9994e-05,53.830340999,80373132,8763.596998004,69.166522007,8689.051896072,49.724331999,4096,0
public-full-0-C,C,2,6144,2048,5078.317893,3.0006e-05,5078.317923006,1.9994e-05,55.370909977,108561804,8788.769778999,68.347349996,8715.038547816,52.724465,6144,0
public-full-0-C,C,3,8192,2048,5158.953459002,3.0006e-05,5158.953489008,2.0023e-05,57.563570997,136750476,8877.912008989,68.674237002,8803.851300821,56.211941992,8192,0
public-full-0-C,C,4,10240,2048,5234.941848001,2.9977e-05,5234.941877978,3.0006e-05,60.352533008,164939148,8913.253378007,69.261227007,8838.599618175,58.081656985,10240,0
public-full-0-C,C,5,12288,2048,5312.954791007,1.9994e-05,5312.954811001,2.9977e-05,62.931644003,193127820,8943.463285977,69.506569009,8868.549110892,60.786885995,12288,0
public-full-0-C,C,6,14336,2048,5358.406424988,3.0006e-05,5358.406454994,1.9994e-05,64.854933007,221316492,9009.965311998,70.09733998,8934.456832038,64.316122007,14336,0
public-full-0-C,C,7,16384,2048,5490.319150995,2.0023e-05,5490.319171018,5e-05,67.980504013,249505164,9015.615473007,70.391004992,8939.824458968,65.870209015,16384,0
public-full-0-C,C,8,18432,2048,5517.3717,3.0006e-05,5517.371730006,1.9994e-05,67.838018003,277693836,9057.792248001,70.521371003,8981.874568854,67.986833979,18432,0
public-full-0-C,C,9,20480,2048,5648.212443979,3.0006e-05,5648.212473985,1.9994e-05,70.389473985,305882508,9092.676631,70.616865996,9016.65534114,70.560972992,20480,0
public-full-0-C,C,10,22528,2048,5784.339280013,3.0006e-05,5784.339310019,3.0006e-05,72.799755988,334071180,9131.409563997,71.062607982,9054.951155762,72.965094005,22528,0
public-full-0-C,C,11,24576,2048,5761.240958003,3.0006e-05,5761.240988009,3.0006e-05,74.066898,362259852,9175.690464996,71.483650012,9098.799507163,75.371863,24576,0
public-full-0-C,C,12,26624,2048,5827.337088005,2.9977e-05,5827.337117982,3.0006e-05,75.937290996,390448524,9202.653443004,71.641487011,9125.61571665,77.860636986,26624,0
public-full-0-C,C,13,28672,2048,5909.345872002,1.9994e-05,5909.345891996,2.9977e-05,78.791795007,418637196,9245.064849994,71.940572001,9167.737682932,80.142750987,28672,0
public-full-0-C,C,14,30720,2048,5967.57054,3.0006e-05,5967.570570007,2.0023e-05,80.206994986,446825868,9282.847816998,72.225547017,9205.221958138,82.916619984,30720,0
public-full-0-C,C,15,32768,2048,6057.008914999,3.0006e-05,6057.008945005,3.0006e-05,80.876047985,475014540,9404.152542993,72.505699995,9326.25049894,85.569332005,32768,0
public-full-0-C,C,16,34816,2048,6243.362251,1.9994e-05,6243.362270994,1.9994e-05,84.39606399,503203212,9465.143668989,73.656438006,9386.090260086,88.338741014,34816,0
public-full-0-C,C,17,36864,2048,6319.734824006,3.0006e-05,6319.734854012,1.9994e-05,86.892257998,531391884,9496.402919991,73.756062018,9417.247826117,87.138521019,36864,0
public-full-0-C,C,18,38912,2048,6385.241665004,3.0006e-05,6385.24169501,3.0006e-05,89.534211002,559580556,9531.925693009,74.130861991,9452.390893828,94.448345975,38912,0
public-full-0-C,C,19,40960,2048,6518.236175005,3.0006e-05,6518.236205011,3.0006e-05,90.449546988,587769228,9569.912289997,74.361433013,9490.165571886,94.26405601,40960,0
public-full-0-C,C,20,43008,2048,6608.792307001,2.9977e-05,6608.792336978,3.0006e-05,92.184642999,615957900,9597.554480017,74.62946701,9517.511347134,97.802643984,43008,0
public-full-0-C,C,21,45056,2048,6614.648308983,1.9994e-05,6614.648328978,3.0006e-05,93.753761001,644146572,9632.340198004,74.91041001,9552.033985994,101.075557002,45056,0
public-full-0-C,C,22,47104,2048,6681.54164002,1.9994e-05,6681.541660015,3.0006e-05,96.47128699,672335244,9660.475692013,75.131441001,9579.916176794,103.139199986,47104,0
public-full-0-C,C,23,49152,2048,6743.676841987,2.0023e-05,6743.67686201,1.9994e-05,98.023164988,700523916,9696.159084007,75.481309002,9615.282941115,104.494797997,49152,0
public-full-0-C,C,24,51200,2048,6870.550716994,2.0023e-05,6870.550737018,2.9977e-05,99.807402992,728712588,9732.471307972,75.676098,9651.395571971,107.186581998,51200,0
public-full-0-C,C,25,53248,2048,6932.725021004,3.0006e-05,6932.72505101,3.0006e-05,103.87969701,756901260,9765.354648,75.879239012,9684.070920921,110.193503002,53248,0
public-full-0-C,C,26,55296,2048,7001.454854006,2.9977e-05,7001.454883983,2.9977e-05,105.384752009,785089932,9801.649481989,76.220515999,9720.0345491,114.253574982,55296,0
public-full-0-C,C,27,57344,2048,7098.170211975,2.0023e-05,7098.170231999,3.0006e-05,106.594692013,813278604,9837.032167998,76.536731009,9755.091455096,113.892096007,57344,0
public-full-0-C,C,28,59392,2048,7166.020879988,3.0006e-05,7166.020909994,3.0006e-05,111.417684006,841467276,9868.474176008,76.700030011,9786.374186806,118.606731994,59392,0
public-full-0-C,C,29,61440,2048,7315.412288997,3.0006e-05,7315.412319003,1.9994e-05,110.368431022,869655948,9897.219693987,77.07292799,9814.73903681,120.814722002,61440,0
public-full-0-C,C,30,63488,2048,7362.928492017,1.9994e-05,7362.928512011,3.0006e-05,113.382501993,897844620,9929.670172016,77.650888008,9846.610887791,119.478066015,63488,0
public-full-0-C,C,31,65536,2048,7357.010706997,3.0006e-05,7357.010737003,2.9977e-05,3.0006e-05,897844620,9967.304082995,77.396434004,9884.524474968,0.000119995,65664,0
public-full-0-P,P,0,2048,2048,10096.306683001,3.0006e-05,10096.306713007,1.9994e-05,54.304503021,52184460,8428.154984023,65.495135001,8357.172696094,46.707476024,2048,0
public-full-0-P,P,1,4096,2048,7913.509161997,1.9994e-05,7913.509181992,3.0006e-05,52.141232998,80373132,8824.828237004,69.517876982,8749.812271912,49.285800982,4096,0
public-full-0-P,P,2,6144,2048,8039.199134015,2.9977e-05,8039.199163992,3.0006e-05,53.159264004,108561804,8847.966447007,68.769442005,8773.719614983,52.049897,6144,0
public-full-0-P,P,3,8192,2048,8130.960667011,1.9994e-05,8130.960687005,3.0006e-05,55.780042021,136750476,8936.824415985,69.059539994,8862.282735994,55.064458022,8192,0
public-full-0-P,P,4,10240,2048,8220.539969014,3.0006e-05,8220.53999902,3.0006e-05,57.947752008,164939148,8970.716612996,69.729958981,8895.520688908,57.799192989,10240,0
public-full-0-P,P,5,12288,2048,8292.203585006,3.0006e-05,8292.203615012,3.0006e-05,60.70343699,193127820,9006.011263002,69.890338986,8930.617186095,60.377507994,12288,0
public-full-0-P,P,6,14336,2048,8342.843827995,3.0006e-05,8342.843858001,3.0006e-05,62.000414997,221316492,9070.578482002,70.470384002,8994.607860048,61.410449998,14336,0
public-full-0-P,P,7,16384,2048,8449.780733004,3.0006e-05,8449.78076301,3.0006e-05,64.277291996,249505164,9082.159287995,71.038408991,9005.612416804,64.24045001,16384,0
public-full-0-P,P,8,18432,2048,8504.828309,0.000100001,8504.828409001,1.9994e-05,65.676272992,277693836,9117.797949992,71.094766987,9041.184639063,67.900686001,18432,0
public-full-0-P,P,9,20480,2048,8649.16016598,0.000120024,8649.160286004,3.0006e-05,67.231541994,305882508,9156.340829999,71.177222009,9079.66033608,70.701998018,20480,0
public-full-0-P,P,10,22528,2048,8777.636726998,1.9994e-05,8777.636746992,3.0006e-05,69.155909005,334071180,9192.337842978,71.615442983,9115.224188805,73.010834982,22528,0
public-full-0-P,P,11,24576,2048,8771.388930007,3.0006e-05,8771.388960013,3.0006e-05,70.691297005,362259852,9237.881156994,71.793723007,9160.551322129,75.181033986,24576,0
public-full-0-P,P,12,26624,2048,8829.49394398,1.9994e-05,8829.493963975,2.0023e-05,73.044108984,390448524,9264.680585009,72.095690994,9187.040861114,75.150266988,26624,0
public-full-0-P,P,13,28672,2048,8922.497199004,0.000230008,8922.497429012,3.0006e-05,76.354669,418637196,9307.495383982,72.379916004,9229.571056028,79.299407982,28672,0
public-full-0-P,P,14,30720,2048,8990.639799013,3.0006e-05,8990.639829019,2.9977e-05,75.340547017,446825868,9346.272819006,73.030589003,9267.70327313,82.972505013,30720,0
public-full-0-P,P,15,32768,2048,9062.690587976,0.000110012,9062.690697989,1.9994e-05,78.043584013,475014540,9464.140591997,73.111664009,9385.508019215,85.576787998,32768,0
public-full-0-P,P,16,34816,2048,9277.605082985,3.0006e-05,9277.605112991,1.9994e-05,80.980113999,503203212,9524.687033991,74.104242987,9445.051676856,86.155886995,34816,0
public-full-0-P,P,17,36864,2048,9334.984624002,1.9994e-05,9334.984643996,3.0006e-05,82.925583003,531391884,9557.044652,74.256541004,9477.26219616,89.451105014,36864,0
public-full-0-P,P,18,38912,2048,9397.650615021,2.9977e-05,9397.650644998,1.9994e-05,85.315684992,559580556,9592.757581006,74.498114001,9512.752685085,87.709175976,38912,0
public-full-0-P,P,19,40960,2048,9559.043993999,2.0023e-05,9559.044014022,1.9994e-05,85.762798,587769228,9629.122541985,74.796239001,9548.816156079,93.183045014,40960,0
public-full-0-P,P,20,43008,2048,9634.873884992,0.000161002,9634.874045994,1.9994e-05,87.941837992,615957900,9658.014935005,75.079892995,9577.4203029,93.58437499,43008,0
public-full-0-P,P,21,45056,2048,9655.075924005,1.9994e-05,9655.075944,2.0023e-05,89.676126983,644146572,9689.296716999,75.309095002,9608.480511233,106.535055005,45056,0
public-full-0-P,P,22,47104,2048,9723.459997011,3.0006e-05,9723.460027017,1.9994e-05,92.424636008,672335244,9719.971618993,75.611429987,9638.858040853,98.524767003,47104,0
public-full-0-P,P,23,49152,2048,9796.281614981,1.9994e-05,9796.281634975,3.0006e-05,95.606018993,700523916,9753.953888983,75.719095999,9672.722689982,102.775773994,49152,0
public-full-0-P,P,24,51200,2048,9925.27301301,3.0006e-05,9925.273043016,2.0023e-05,95.817919995,728712588,9795.696335001,76.130626985,9714.061603008,107.88773399,51200,0
public-full-0-P,P,25,53248,2048,10005.253427022,0.000129978,10005.253556999,1.9994e-05,100.64228499,756901260,9826.537665998,76.391679992,9744.635613897,108.938527002,53248,0
public-full-0-P,P,26,55296,2048,10068.445083016,0.000119995,10068.445203011,1.9994e-05,103.166232991,785089932,9864.602154994,76.681414997,9782.408714906,110.48063598,55296,0
public-full-0-P,P,27,57344,2048,10141.165237001,0.000160013,10141.165397014,2.9977e-05,101.256196009,813278604,9895.885787002,76.85683298,9813.524245081,113.239797007,57344,0
public-full-0-P,P,28,59392,2048,10254.408643988,3.0006e-05,10254.408673994,3.0006e-05,109.596971015,841467276,9927.778131008,77.730457997,9844.533032854,116.427239001,59392,0
public-full-0-P,P,29,61440,2048,10383.535180008,1.9994e-05,10383.535200002,3.0006e-05,108.728627005,869655948,9958.416351001,77.279874997,9875.624747976,119.586418994,61440,0
public-full-0-P,P,30,63488,2048,10439.549881994,2.0023e-05,10439.549902017,2.0023e-05,107.773919008,897844620,9992.211442994,78.105386987,9908.60826493,124.263567996,63488,0
public-full-0-P,P,31,65536,2048,10416.593843023,2.9977e-05,10416.593873,2.0023e-05,3.0006e-05,897844620,10026.820665022,77.889856999,9943.477201246,0.000350003,65664,0
public-full-1-C,C,0,2048,2048,5783.169131988,1.9994e-05,5783.169151982,1.9994e-05,57.33179301,52184460,8364.067369985,64.829256997,8293.901005847,46.627628006,2048,0
public-full-1-C,C,1,4096,2048,4957.193520007,3.0006e-05,4957.193550013,3.0006e-05,53.86647,80373132,8764.874643995,69.187024987,8690.369912889,49.072290014,4096,0
public-full-1-C,C,2,6144,2048,5079.559940001,1.9994e-05,5079.559959995,2.9977e-05,56.152973993,108561804,8789.022639015,68.304991,8715.406464733,52.075669984,6144,0
public-full-1-C,C,3,8192,2048,5153.683811979,2.0023e-05,5153.683832003,3.0006e-05,57.284039998,136750476,8878.490986011,68.690250017,8804.478067876,55.680730002,8192,0
public-full-1-C,C,4,10240,2048,5233.267934993,3.0006e-05,5233.267964999,3.0006e-05,59.895351005,164939148,8909.164277982,69.345672993,8834.486700245,58.938022994,10240,0
public-full-1-C,C,5,12288,2048,5310.359583993,1.9994e-05,5310.359603987,3.9989e-05,62.08638,193127820,8942.470538983,69.662848022,8867.463457165,60.363174009,12288,0
public-full-1-C,C,6,14336,2048,5361.020113982,3.0006e-05,5361.020143988,3.0006e-05,62.981734984,221316492,9008.415813994,70.306371024,8932.749729836,63.455047988,14336,0
public-full-1-C,C,7,16384,2048,5469.949461985,3.0006e-05,5469.949491991,1.9994e-05,64.688259998,249505164,9016.521938,70.529090997,8940.662671055,65.036537999,16384,0
public-full-1-C,C,8,18432,2048,5520.09485598,1.9994e-05,5520.094875974,2.9977e-05,66.162764007,277693836,9054.763587978,70.705190999,8978.715550184,67.877049005,18432,0
public-full-1-C,C,9,20480,2048,5648.095107987,3.0006e-05,5648.095137993,2.0023e-05,68.377183983,305882508,9093.144234997,70.831576013,9016.976034181,69.554973015,20480,0
public-full-1-C,C,10,22528,2048,5781.786203006,2.9977e-05,5781.786232983,3.0006e-05,70.395205024,334071180,9128.861898003,70.998545008,9052.539368102,71.785834996,22528,0
public-full-1-C,C,11,24576,2048,5769.812546001,1.9994e-05,5769.812565995,3.0006e-05,72.231926024,362259852,9174.879355996,71.345172008,9098.19563909,73.650246981,24576,0
public-full-1-C,C,12,26624,2048,5828.244453995,3.0006e-05,5828.244484001,1.9994e-05,73.310420004,390448524,9202.93417701,71.663417999,9125.933912321,75.99183399,26624,0
public-full-1-C,C,13,28672,2048,5905.900989979,3.0006e-05,5905.901019985,1.9994e-05,76.481989003,418637196,9245.089681004,71.849976986,9167.903120047,78.533740976,28672,0
public-full-1-C,C,14,30720,2048,5971.727208002,2.9977e-05,5971.727237978,2.0023e-05,75.988913974,446825868,9283.926539007,72.160173004,9206.417577894,80.917029991,30720,0
public-full-1-C,C,15,32768,2048,6062.698319001,3.0006e-05,6062.698349007,1.9994e-05,77.565123007,475014540,9403.553732991,72.421065997,9325.801831146,83.447326993,32768,0
public-full-1-C,C,16,34816,2048,6248.665896012,3.0006e-05,6248.665926018,2.9977e-05,79.927681014,503203212,9462.709095998,73.593353998,9383.779633819,89.375173004,34816,0
public-full-1-C,C,17,36864,2048,6314.30262301,2.9977e-05,6314.302652987,3.0006e-05,83.080037992,531391884,9491.368877003,73.665539006,9412.363438838,90.070518025,36864,0
public-full-1-C,C,18,38912,2048,6380.066596001,3.0006e-05,6380.066626007,3.0006e-05,84.960673004,559580556,9530.899131001,74.070137984,9451.493720961,90.823664999,38912,0
public-full-1-C,C,19,40960,2048,6526.025184023,2.9977e-05,6526.025214,1.9994e-05,86.107390001,587769228,9566.625245003,74.382133986,9486.907631916,95.570111996,40960,0
public-full-1-C,C,20,43008,2048,6606.288102019,1.9994e-05,6606.288122013,2.9977e-05,88.004525023,615957900,9595.289196994,74.565313,9515.380469966,94.170992001,43008,0
public-full-1-C,C,21,45056,2048,6615.044529986,3.0006e-05,6615.044559992,4.0018e-05,90.282388002,644146572,9628.889145009,75.212264986,9548.338665947,98.288337002,45056,0
public-full-1-C,C,22,47104,2048,6676.409184001,1.9994e-05,6676.409203996,3.0006e-05,91.521138995,672335244,9660.743984976,75.128361001,9580.280710914,101.628335018,47104,0
public-full-1-C,C,23,49152,2048,6746.676591021,2.9977e-05,6746.676620998,3.0006e-05,92.323310004,700523916,9694.577145012,75.464437978,9613.779395848,106.552729994,49152,0
public-full-1-C,C,24,51200,2048,6869.685334008,3.0006e-05,6869.685364014,2.9977e-05,94.033595,728712588,9732.971952006,75.690998987,9651.946936938,106.381702004,51200,0
public-full-1-C,C,25,53248,2048,6931.180884014,1.9994e-05,6931.180904008,1.9994e-05,97.942749999,756901260,9766.143429995,75.898988987,9684.903196059,112.89123699,53248,0
public-full-1-C,C,26,55296,2048,6996.886164998,3.0006e-05,6996.886195004,3.0006e-05,99.420184008,785089932,9802.312095009,76.223565993,9720.748072985,109.036893991,55296,0
public-full-1-C,C,27,57344,2048,7081.028886983,3.0006e-05,7081.028916989,2.9977e-05,100.571570976,813278604,9834.658518987,77.036215982,9752.265332907,119.314006995,57344,0
public-full-1-C,C,28,59392,2048,7178.386937012,3.0006e-05,7178.386967018,3.0006e-05,105.968712014,841467276,9864.420575002,77.233026008,9781.834873866,116.437913995,59392,0
public-full-1-C,C,29,61440,2048,7313.33775699,4.0018e-05,7313.337797008,3.9989e-05,104.695167014,869655948,9897.109017009,76.940351981,9814.827150985,120.946929994,61440,0
public-full-1-C,C,30,63488,2048,7365.814285993,3.0006e-05,7365.814315999,3.9989e-05,106.40584302,897844620,9929.491605028,77.535030985,9846.619332937,125.445993996,63488,0
public-full-1-C,C,31,65536,2048,7352.930513007,3.0006e-05,7352.930543013,3.0006e-05,4.0018e-05,897844620,9967.792776995,77.481238986,9884.98183206,5e-05,65664,0
public-full-1-P,P,0,2048,2048,10115.040628996,3.0006e-05,10115.040659002,1.9994e-05,55.895611004,52184460,8370.211996982,64.866869012,8300.039344933,47.038849007,2048,0
public-full-1-P,P,1,4096,2048,7965.092758997,0.000169995,7965.092928993,2.1013e-05,54.618457012,80373132,8766.780758015,69.225026004,8692.248283856,49.710561987,4096,0
public-full-1-P,P,2,6144,2048,8084.235798015,0.000100001,8084.235898015,2.0023e-05,55.185135017,108561804,8791.590017994,68.331971997,8717.951414001,52.266529994,6144,0
public-full-1-P,P,3,8192,2048,8159.971368994,3.0006e-05,8159.971399,1.9994e-05,57.219987008,136750476,8880.026483006,68.757923,8805.968429107,56.109562021,8192,0
public-full-1-P,P,4,10240,2048,8241.449097986,3.0006e-05,8241.449127992,3.0006e-05,59.415797004,164939148,8912.352407002,69.274598995,8837.775992957,59.193674999,10240,0
public-full-1-P,P,5,12288,2048,8306.052464002,0.000200002,8306.052664004,1.9994e-05,61.587366014,193127820,8946.046309022,69.618876005,8871.129413863,61.411186005,12288,0
public-full-1-P,P,6,14336,2048,8363.782477012,2.9977e-05,8363.782506989,3.0006e-05,62.913870992,221316492,9011.639113014,70.000434993,8936.335138016,62.657158996,14336,0
public-full-1-P,P,7,16384,2048,8471.527237009,1.9994e-05,8471.527257003,1.9994e-05,64.197664993,249505164,9020.030604006,70.478468988,8944.260516786,65.917791013,16384,0
public-full-1-P,P,8,18432,2048,8533.633578016,2.9977e-05,8533.633607993,3.0006e-05,64.965472993,277693836,9059.887473006,70.674558985,8983.90815084,67.246377002,18432,0
public-full-1-P,P,9,20480,2048,8669.942364009,2.9977e-05,8669.942393986,3.0006e-05,70.295499987,305882508,9095.894951985,70.684300008,9019.916869089,71.960562986,20480,0
public-full-1-P,P,10,22528,2048,8798.095723003,2.0023e-05,8798.095743026,2.9977e-05,69.386443996,334071180,9132.142331975,71.064259013,9055.779660033,74.250567006,22528,0
public-full-1-P,P,11,24576,2048,8788.906762988,3.0006e-05,8788.906792994,2.9977e-05,71.753753,362259852,9177.968750009,71.630296006,9101.044216892,75.083759002,24576,0
public-full-1-P,P,12,26624,2048,8857.277856994,3.0006e-05,8857.277887,1.9994e-05,73.156062979,390448524,9207.947016985,71.584873978,9131.058583589,78.329270997,26624,0
public-full-1-P,P,13,28672,2048,8954.527363006,2.9977e-05,8954.527392983,3.0006e-05,75.951622013,418637196,9248.452569998,71.860577998,9171.304899937,81.502988993,28672,0
public-full-1-P,P,14,30720,2048,9014.112389006,1.9994e-05,9014.112409001,2.9977e-05,76.625596004,446825868,9288.728079991,72.234117019,9211.193701136,82.990104012,30720,0
public-full-1-P,P,15,32768,2048,9089.098703,3.9989e-05,9089.098742988,1.9994e-05,77.784524008,475014540,9404.195014999,72.610415984,9326.287597069,88.10820998,32768,0
public-full-1-P,P,16,34816,2048,9307.946290006,3.0006e-05,9307.946320012,3.0006e-05,82.707078982,503203212,9466.27298501,73.685748997,9387.296215049,88.919580012,34816,0
public-full-1-P,P,17,36864,2048,9354.794699,3.0006e-05,9354.794729006,2.0023e-05,86.346791009,531391884,9498.336766992,73.803214997,9419.235578011,88.498658995,36864,0
public-full-1-P,P,18,38912,2048,9437.920108001,0.000160013,9437.920268014,3.0006e-05,85.265576985,559580556,9537.299771997,74.145171995,9457.856518187,95.788621984,38912,0
public-full-1-P,P,19,40960,2048,9576.869358018,3.9989e-05,9576.869398006,2.0023e-05,88.871947024,587769228,9572.662687977,74.45034702,9492.911432986,92.248235975,40960,0
public-full-1-P,P,20,43008,2048,9657.652041991,3.0006e-05,9657.652071997,2.9977e-05,94.269717025,615957900,9599.71340801,74.490240018,9519.918983977,95.978592988,43008,0
public-full-1-P,P,21,45056,2048,9687.659768999,1.9994e-05,9687.659788993,1.9994e-05,90.606904996,644146572,9632.227410999,74.981623999,9551.955952164,102.207424003,45056,0
public-full-1-P,P,22,47104,2048,9743.363960995,1.9994e-05,9743.36398099,1.9994e-05,94.967212004,672335244,9662.646050012,75.223046006,9582.126720081,107.140999986,47104,0
public-full-1-P,P,23,49152,2048,9824.028228992,0.000119995,9824.028348987,2.0023e-05,96.875106974,700523916,9696.972624981,75.376753026,9616.28224689,102.374051989,49152,0
public-full-1-P,P,24,51200,2048,9945.975748007,3.0006e-05,9945.975778013,1.9994e-05,96.968872007,728712588,9735.658866004,76.185123995,9654.168425855,107.735128986,51200,0
public-full-1-P,P,25,53248,2048,10023.783682002,2.9977e-05,10023.783711978,3.0006e-05,101.910019002,756901260,9768.583758996,75.894020003,9687.386477104,113.741239998,53248,0
public-full-1-P,P,26,55296,2048,10073.295515002,1.9994e-05,10073.295534996,1.9994e-05,104.063545994,785089932,9803.721295,76.269919024,9722.154813964,117.512547004,55296,0
public-full-1-P,P,27,57344,2048,10184.348720009,1.9994e-05,10184.348740004,3.0006e-05,102.563651017,813278604,9842.898180999,76.493228989,9761.078000913,109.705837996,57344,0
public-full-1-P,P,28,59392,2048,10271.162824007,3.0006e-05,10271.162854013,3.0006e-05,105.282536999,841467276,9870.402244997,77.195913997,9787.891344837,114.099836996,59392,0
public-full-1-P,P,29,61440,2048,10395.716384024,2.9977e-05,10395.716414001,2.9977e-05,102.770932019,869655948,9901.623782003,76.855527994,9819.456570025,123.142728,61440,0
public-full-1-P,P,30,63488,2048,10466.41803399,3.0006e-05,10466.418063996,2.9977e-05,109.930698993,897844620,9936.872055987,77.174394013,9854.391967325,121.573406999,63488,0
public-full-1-P,P,31,65536,2048,10450.311226014,3.0006e-05,10450.31125602,3.0006e-05,4.0018e-05,897844620,9973.324911,77.434370993,9890.567842143,4.0018e-05,65664,0
