dataset,sample,order,class,arm,frontier,added_tokens,context_alloc,chunk,warmups,diagnostic,prefill_s,decode_s,initialization_s,snapshot_bytes,restore_exercised,records_sha256
indexer32,timing-A0,0,ABBA-timing,A,32768,32768,32897,2048,0,1,87.388420056028,1.172118571994,31.73616020201,0,False,cba03bc6d7d2de7a019c0ced75ac7229073e66c25457d5cd9649ac21177b1ab5
indexer32,timing-B0,1,ABBA-timing,B,32768,32768,32897,2048,0,1,83.68699365801899,1.172180855006,31.87704431999,0,False,b86499a39d8b62f16e83d08d0183582d41dacb1b436c218583b80f39cadc6e50
indexer32,timing-B1,2,ABBA-timing,B,32768,32768,32897,2048,0,1,83.781546955986,1.17205690901,31.793720974994002,0,False,f6bbc56b7ca3d6d9d2e3be4a2fd2025365b65c0fba9a4f9ed61a350d4f95c18b
indexer32,timing-A1,3,ABBA-timing,A,32768,32768,32897,2048,0,1,87.725710847008,1.174810655997,31.832235703012,0,False,540c461653dee79b4416e2a1465c04ba87c035a3dad1d673ae93b1dec219bbfb
indexer32,qual-A,4,qualification,A,32768,32768,32897,2048,0,1,86.97935234499201,1.173219613032,31.673517978983,0,False,1ca34b94cc27cbf4abad5ddebbbf5e5f33037f37b39fa29709820fa14c9323f7
indexer32,qual-B,5,qualification,B,32768,32768,32897,2048,0,1,83.673760430014,1.1707607699790001,31.722102018015,0,False,25af6f16f867082e28114d7e48e53c97b270688b75cae292cbc32be7b4d6fe4b
indexer64,timing-A0,0,ABBA-timing,A,65536,65536,65665,2048,0,1,195.042466732993,1.243523694022,31.813383050001,0,False,1219ea4853bf77c10ffc0f449fae48f175a7c721147c51a1bbdf8a22ec189248
indexer64,timing-B0,1,ABBA-timing,B,65536,65536,65665,2048,0,1,180.922379182011,1.2424021610059999,31.693907630018998,0,False,2913b2d3cfdd9dbbc349074dd3bda0045643b4e26dbe6f68ad28bbdfedabc9bc
indexer64,timing-B1,2,ABBA-timing,B,65536,65536,65665,2048,0,1,181.284847430012,1.24205407899,31.736564587016,0,False,8171ae1e424470f9441841fb205122db55a83fd6181576b1684a0345aa10b843
indexer64,timing-A1,3,ABBA-timing,A,65536,65536,65665,2048,0,1,195.545880182006,1.243172593007,31.92043025099,0,False,d77ce84a1b1cd8f3007f351ea7ff76ab2bdb9c554ee04cfd60ac86f0af0cc55d
indexer64,qual-A,4,qualification,A,65536,65536,65665,2048,0,1,194.412280834018,1.244561892003,31.679725987982,0,False,8fa0befeb629c434787539e6073ae4b7b2da5ba1799cdc9611725579bdcc2fe1
indexer64,qual-B,5,qualification,B,65536,65536,65665,2048,0,1,180.651969536004,1.2430019380119999,31.996847884991,0,False,2368fd4171db0f85f6c41aeb1815d235e3d6370c21b7c4072628117feb94f31c
indexer128,model128-A0,0,ABBA-timing,A,131072,131072,131201,2048,0,1,469.465110452991,1.430261592002,31.727343852981,0,False,53aea4fd6de2e61b691fd021eba9716916729db23787a25d674326191d3060d0
indexer128,model128-B0,1,ABBA-timing,B,131072,131072,131201,2048,0,1,410.627998034994,1.422741597984,31.736706270981998,0,False,9360180f04dbdd669f11fe9c3c9252e95c2bbe21980e0e0c0f3aec0f50bfdcd7
indexer128,model128-B1,2,ABBA-timing,B,131072,131072,131201,2048,0,1,410.386631791975,1.421826139005,31.726874526998,0,False,7a866cd596bdf19c76f918c8863ca8eef48d9dde146aba1ae4f8e39ba623904f
indexer128,model128-A1,3,ABBA-timing,A,131072,131072,131201,2048,0,1,470.237978588004,1.422063185979,31.726587962009997,0,False,fdf1c01b4a66b3828a67310a360b8a0c686844e5a35d284c15dc6697d7eceb15
indexer128,short4096-A,4,fallback-control,A,4096,4096,65665,4096,0,1,9.832677967992,1.097050734999,32.035827940999,0,False,a89e949c269d6e72c082d01a2acbf8ae795ba11bf557532ff0e9d1d941d15516
indexer128,short4096-B,5,fallback-control,B,4096,4096,65665,4096,0,1,9.739728264016,1.097175871982,31.793433062004997,0,False,9fcbcc954a8939eb2e13018b8ec40cf72f2ad346e9e3b99ad9453881b2c7aa1f
