protocol,series,context_tokens,added_tokens,chunk_tokens,context_allocation,samples,mean_seconds,prefill_tps,source
fresh,P,32768,32768,2048,32897,1,120.375592089986,272.2146527470826,inputs/01-final-fresh-series.json
fresh,C,32768,32768,2048,32897,1,87.645208772999,373.87097890164296,inputs/01-final-fresh-series.json
fresh,P,32768,32768,4096,32897,1,124.648054448015,262.88416730696775,inputs/01-final-fresh-series.json
fresh,C,32768,32768,4096,32897,1,81.802381795977,400.57513339558426,inputs/01-final-fresh-series.json
fresh,P,65536,65536,2048,65665,1,260.361241720006,251.71181227687416,inputs/01-final-fresh-series.json
fresh,C,65536,65536,2048,65665,1,195.244018786005,335.6620110951004,inputs/01-final-fresh-series.json
fresh,P,65536,65536,4096,65665,1,293.64280015401897,223.1827239272532,inputs/01-final-fresh-series.json
fresh,C,65536,65536,4096,65665,2,184.8538629190155,354.52870156525387,inputs/01-final-fresh-series.json
fresh,P,131072,131072,2048,131201,1,601.101082691021,218.05317570418327,inputs/01-final-fresh-series.json
fresh,C,131072,131072,2048,131201,2,470.506081293497,278.57663314289573,inputs/01-final-fresh-series.json
fresh,P,131072,131072,4096,131201,1,763.363577092998,171.7032406748324,inputs/01-final-fresh-series.json
fresh,C,131072,131072,4096,131201,2,454.349001035982,288.48308173042466,inputs/01-final-fresh-series.json
incremental,P,2048,2048,2048,65665,2,10.1056736860045,202.65843363182267,inputs/02-public-individual-rows.csv
short_fresh,P,2048,2048,2048,65665,2,10.1056736860045,202.65843363182267,inputs/02-public-individual-rows.csv
incremental,C,2048,2048,2048,65665,2,5.781498278491,354.23343592770874,inputs/02-public-individual-rows.csv
short_fresh,C,2048,2048,2048,65665,2,5.781498278491,354.23343592770874,inputs/02-public-individual-rows.csv
incremental,P,4096,2048,2048,65665,2,7.9393010554925,257.9572163450295,inputs/02-public-individual-rows.csv
incremental,C,4096,2048,2048,65665,2,4.9566527045095,413.1820650126961,inputs/02-public-individual-rows.csv
incremental,P,6144,2048,2048,65665,2,8.0617175310035,254.04015857959124,inputs/02-public-individual-rows.csv
incremental,C,6144,2048,2048,65665,2,5.0789389415005,403.23382966186,inputs/02-public-individual-rows.csv
incremental,P,8192,2048,2048,65665,2,8.1454660430025,251.4282165302707,inputs/02-public-individual-rows.csv
incremental,C,8192,2048,2048,65665,2,5.1563186605055,397.1825899137165,inputs/02-public-individual-rows.csv
incremental,P,10240,2048,2048,65665,2,8.230994563506,248.81561811257623,inputs/02-public-individual-rows.csv
incremental,C,10240,2048,2048,65665,2,5.2341049214885,391.2798903957737,inputs/02-public-individual-rows.csv
incremental,P,12288,2048,2048,65665,2,8.299128139508001,246.77290982537016,inputs/02-public-individual-rows.csv
incremental,C,12288,2048,2048,65665,2,5.311657207494,385.56704998028874,inputs/02-public-individual-rows.csv
incremental,P,14336,2048,2048,65665,2,8.353313182495,245.17217961990684,inputs/02-public-individual-rows.csv
incremental,C,14336,2048,2048,65665,2,5.359713299491,382.1099908822537,inputs/02-public-individual-rows.csv
incremental,P,16384,2048,2048,65665,2,8.460654010006499,242.06166539582048,inputs/02-public-individual-rows.csv
incremental,C,16384,2048,2048,65665,2,5.4801343315045,373.7134668809748,inputs/02-public-individual-rows.csv
incremental,P,18432,2048,2048,65665,2,8.519231008497,240.39728444472797,inputs/02-public-individual-rows.csv
incremental,C,18432,2048,2048,65665,2,5.51873330299,371.0996505104554,inputs/02-public-individual-rows.csv
incremental,P,20480,2048,2048,65665,2,8.659551339995001,236.5018601530899,inputs/02-public-individual-rows.csv
incremental,C,20480,2048,2048,65665,2,5.648153805989,362.59635809287107,inputs/02-public-individual-rows.csv
incremental,P,22528,2048,2048,65665,2,8.787866245008999,233.04860849050198,inputs/02-public-individual-rows.csv
incremental,C,22528,2048,2048,65665,2,5.783062771501,354.1376050926799,inputs/02-public-individual-rows.csv
incremental,P,24576,2048,2048,65665,2,8.7801478765035,233.25347463459474,inputs/02-public-individual-rows.csv
incremental,C,24576,2048,2048,65665,2,5.765526777002,355.21472351307574,inputs/02-public-individual-rows.csv
incremental,P,26624,2048,2048,65665,2,8.8433859254875,231.58550551293533,inputs/02-public-individual-rows.csv
incremental,C,26624,2048,2048,65665,2,5.827790800991499,351.41961507121493,inputs/02-public-individual-rows.csv
incremental,P,28672,2048,2048,65665,2,8.9385124109975,229.12089907491125,inputs/02-public-individual-rows.csv
incremental,C,28672,2048,2048,65665,2,5.9076234559905005,346.6707069698677,inputs/02-public-individual-rows.csv
incremental,P,30720,2048,2048,65665,2,9.00237611901,227.49549373696024,inputs/02-public-individual-rows.csv
incremental,C,30720,2048,2048,65665,2,5.9696489039925,343.0687521053873,inputs/02-public-individual-rows.csv
incremental,P,32768,2048,2048,65665,2,9.075894720488499,225.65268362762242,inputs/02-public-individual-rows.csv
incremental,C,32768,2048,2048,65665,2,6.059853647005999,337.9619573835514,inputs/02-public-individual-rows.csv
incremental,P,34816,2048,2048,65665,2,9.292775716501499,220.38625083389203,inputs/02-public-individual-rows.csv
incremental,C,34816,2048,2048,65665,2,6.246014098506,327.88910939055773,inputs/02-public-individual-rows.csv
incremental,P,36864,2048,2048,65665,2,9.344889686501,219.1572151952102,inputs/02-public-individual-rows.csv
incremental,C,36864,2048,2048,65665,2,6.3170187534995,324.20356499107265,inputs/02-public-individual-rows.csv
incremental,P,38912,2048,2048,65665,2,9.417785456506,217.4608892353987,inputs/02-public-individual-rows.csv
incremental,C,38912,2048,2048,65665,2,6.382654160508499,320.86964897324754,inputs/02-public-individual-rows.csv
incremental,P,40960,2048,2048,65665,2,9.567956706014,214.04779128157182,inputs/02-public-individual-rows.csv
incremental,C,40960,2048,2048,65665,2,6.5221307095055,314.00781297056784,inputs/02-public-individual-rows.csv
incremental,P,43008,2048,2048,65665,2,9.6462630589955,212.31019592505967,inputs/02-public-individual-rows.csv
incremental,C,43008,2048,2048,65665,2,6.6075402294955,309.9489263580873,inputs/02-public-individual-rows.csv
incremental,P,45056,2048,2048,65665,2,9.6713678664965,211.75908395488403,inputs/02-public-individual-rows.csv
incremental,C,45056,2048,2048,65665,2,6.614846444485,309.6065822824172,inputs/02-public-individual-rows.csv
incremental,P,47104,2048,2048,65665,2,9.7334120040035,210.40925824958674,inputs/02-public-individual-rows.csv
incremental,C,47104,2048,2048,65665,2,6.678975432005499,306.63385737070246,inputs/02-public-individual-rows.csv
incremental,P,49152,2048,2048,65665,2,9.810154991981,208.7632663983467,inputs/02-public-individual-rows.csv
incremental,C,49152,2048,2048,65665,2,6.745176741504,303.6243642658575,inputs/02-public-individual-rows.csv
incremental,P,51200,2048,2048,65665,2,9.9356244105145,206.1269544199636,inputs/02-public-individual-rows.csv
incremental,C,51200,2048,2048,65665,2,6.870118050516,298.1025922613046,inputs/02-public-individual-rows.csv
incremental,P,53248,2048,2048,65665,2,10.0145186344885,204.50308943926623,inputs/02-public-individual-rows.csv
incremental,C,53248,2048,2048,65665,2,6.931952977509,295.4434351538186,inputs/02-public-individual-rows.csv
incremental,P,55296,2048,2048,65665,2,10.0708703690035,203.35878876004705,inputs/02-public-individual-rows.csv
incremental,C,55296,2048,2048,65665,2,6.9991705394935,292.60610074350393,inputs/02-public-individual-rows.csv
incremental,P,57344,2048,2048,65665,2,10.162757068508999,201.52011764072077,inputs/02-public-individual-rows.csv
incremental,C,57344,2048,2048,65665,2,7.089599574494001,288.87386071394167,inputs/02-public-individual-rows.csv
incremental,P,59392,2048,2048,65665,2,10.2627857640035,199.5559536264818,inputs/02-public-individual-rows.csv
incremental,C,59392,2048,2048,65665,2,7.172203938506001,285.5468162310241,inputs/02-public-individual-rows.csv
incremental,P,61440,2048,2048,65665,2,10.3896258070015,197.119707489356,inputs/02-public-individual-rows.csv
incremental,C,61440,2048,2048,65665,2,7.3143750580055,279.99657985250394,inputs/02-public-individual-rows.csv
incremental,P,63488,2048,2048,65665,2,10.452983983006499,195.92491515623198,inputs/02-public-individual-rows.csv
incremental,C,63488,2048,2048,65665,2,7.364371414005,278.09569681741874,inputs/02-public-individual-rows.csv
incremental,P,65536,2048,2048,65665,2,10.43345256451,196.29168650906527,inputs/02-public-individual-rows.csv
incremental,C,65536,2048,2048,65665,2,7.354970640008,278.45114552323656,inputs/02-public-individual-rows.csv
short_fresh,C,4096,4096,4096,65665,1,9.522863384976999,430.12273036088436,inputs/06-short-fresh4096.json
short_fresh,P,4096,4096,4096,65665,1,17.695564088994,231.47043967632337,inputs/06-short-fresh4096.json
indexer_fresh,indexer_A,32768,32768,2048,32897,2,87.557065451518,374.2473532092537,inputs/03-summary.json
indexer_fresh,indexer_B,32768,32768,2048,32897,2,83.7342703070025,391.3332006102128,inputs/03-summary.json
indexer_fresh,indexer_A,65536,65536,2048,65665,2,195.29417345749948,335.5758077148274,inputs/04-summary.json
indexer_fresh,indexer_B,65536,65536,2048,65665,2,181.1036133060115,361.8701957606089,inputs/04-summary.json
indexer_fresh,indexer_A,131072,131072,2048,131201,2,469.8515445204975,278.9647102975138,inputs/05-performance-summary.json
indexer_fresh,indexer_B,131072,131072,2048,131201,2,410.5073149134845,319.2927269216232,inputs/05-performance-summary.json
